4,5,6,10
1,12,19,46,47
16,32
18,24,35
12,22,27,30
18,29
0,2,8
14,40,44
3,18,35
12,28,31,36,48
14,44
6,27,28
17,29,47
4,16,32
0,2,4,7,11,37,42
13,40
14
13,20,32
12,31,36,48
6,42
18,20,22,24
22,41,47
24,28,35,42
5,19,22,25
9,21,29,30,42,45
18,35
14,44
16,32,45
27,28
6,14,22,30,38,40,46
23,24,40,41,43
1,19
5,22,37
0,2,5,46
4,9
27,28,33
5,20,22,41,44
14,34,39,44
1,12,16,22,39
2,9,16,17,35,45
24,30,48
4,9,11
5,22
4,9
27,44
20,21,45
14,19,24,29,33,34,36,38
1,19,36,41,42
16,22,35
6,12,21,30,40,44
1,3,4,9,24,36,43,44
4,9,42,47
7,11,37,45
16,32,45
7,10,11,37,45
4,9
18,20,45
18,35,44
45,47
28
17,29,45,47
23,24,40,41,43
12,31,36,48
12,30,35
12,14,19,23,44
1
18,22
33,39,42
33,42
3,18,35
0,7,27
15,27
23,24,40,41,43
0,2,25,46
3,18,35
6,12,20,31,36
3,4,16,19,32,34
22,26
2,4,17,34
23,24,40,41,43
1,19
9,12,26,32
29,34,38
1,18
12,16,32,45
27,28
1,17,19,26,48
4,9,14
1,19,20,27
15,22,25,38,49
14,16,32
12,31,36,48
16,32,45
27,28
16,32,45,49
6
0,2,45,46
13,26,48
1,19,33
23,24,40,41,43
0,4,14,33,42,45,47
2,13,23
7,8,10,20,22,26
16,32,45
12,31,36,48
8,16,26,29,32,45
1,6,21
45
23,43,47
6,11,15,18
7,11,37
33,42,47
30,33,42
26,33,42
8,14,30
20,26,45
19,27,28,38
15,33,42
16,22
11,14,44
7,11,17,23,24,40,41,43
3,4,13,40
13,22,24,29
3,18,35
1,10,44
4,9
3,4,16,18,35,36,39
3,25
18,27,37
12,14,37,44
0,34,46
38
20,22,29,41
8,22,43
11,27
1,24,25,27,28
3,5,7,14
3,18,35
7,11,37,45
12,31,34,36,48
2,5,21
3,4,15
2,11,25,29
3,18,35
8,23,31,49
2,9,16,26
4,9
17,29,47
0,2,8,22,38,46
13,49
11,36
7,11,37
9,11,22,24,41
9
5,22
4,6,8,48
4,9,14
3,5,22
2,5,22
5,7,15,18,35,49
23,24,40,41,43
0,2,10
2,27,36
12,31,36,48
4,9
4,9
12,22,27,48
5,8,22,31
7,15,49
7,11,37,45
4,25,35,43
5,22,30,36,44
1,2,6,7,22
13,22,28,35
3,19,43
3,18,35
19,27,28
45
0,2,46
28,32,35,37
4,19
0,21,46
0,2,7,33,42
8,24
27,28,41,42
9,45
2,29,40,43,48
17,29,47
5,13,35,37,43
25
18,24,29,38,45
4,5,25
21
1,19
14,44
5,22
1,5,22
17,38
1,22
10,26,27,40
7,19,28,31,38,39
3,18,34
12,14
5,22,23,37,41
0,8,44
7,19,45
6,14,22,24
0,16,36
30,38,46
12,31,36
7,9,25,36
4,12,25,32
3,18,20,23,26,33,35
7,10,28,32
1,4,6,16,17,36,38,45
4,9
1,19,21,39
7,11,37,45,48
27,46
7,11,37,45
23,24,40,41,43
5,10,11
27,28,33,48
3,18,35
15,49
20,41
27,28
1,3,19,21
14,18,19,31,39
7,15
7,11,37,45
9,32,40
5,22
5,9,38,39,40,43
4,23
27,28
3,5,7,22,28,45
4,13,14,27,28,38
18,37,49
35,40,45
7,11,37,45
16,32,45
12,31,36,48
8,13,14,16,29,31,44
28,43
3
16,27,28
3,18,35
30,40
0,2,46
0,2,46
3,18,35
7,15
16,32,33
2,5,7,11,35,41
24,29,36,38,49
13,27,28,49
1,19,28,44
5,9,21,26,30,46,47
17,23,45
16,18,39,43
8,14,26,29
0,1,5,8,22,23,44
2,22,33,37
22,25,29,31,36
6,27,28
1,19
12,31,36,48
13,33,42
17,29,39,47
26,42
21,26,38
8
3,6,16,18,25,35
12,16,31,36,48
9
7,28
12
14,22,44
24,29,42
31,33,48
7,15,49
27,28,37
0,2,7,46
7,15,49
14,16,19,32,41,45
10,23,24
0,2,46
33,34,48
1,19,30
4,9,19,42,44
27,28
0,2,46
17,29,47
12,31,32,36,48
3,14,19,20,44
22,27,28
14,44,45
31,39,48
3,15,25,47
7,15,49
1,4,9,46
17,29,47
14,29,44
7,11,37,45
11,13,19,23,35,38,45
2,13,15,38
19
22,23,28,45
23,24,40,41,43
25,28,37,45,47
7,11,37,45
17,21,39
3,5,18,35
20,29,43
4,9
5,22
0,2,31,46
7,11,37,45
25,28,30,33
1,23,39,41
3,5,22,29
1,4,5,15
0,2,46
4,25,29
0,13,27,39,44
1,5,22
14,44
1,12,19,30
7,15,49
4,9,33
7,15,17,39,49
2,8,28,42
17,29,47
3,5,18,25,27,35
1,12,48
5,22
0,2,46
3,4,7,9
12,31,36,48
2,5,45,48
7,15,49
11,24,35
8,33,42
4,8,27,28
7,15,49
16,32,45
18,31,35,46
23,24,40,41
2,4,27,34,37
16,32,45
0,46
7,11,37,38,45
1,40
3,18,26,28,35,41,44
23,24,40,41,43
33,42
0,3,10,13,26,28
3,7,11,20,33,34,37,45
23,24,40,41,43
15,46
8,9,13,22,26
5,22
1,2,23
1,18,48
2,7,15,41,49
3,18,35
1,19,27,28,42
3,18,35
3,13,36
1,7,10,36,46
33,35
5,9
18,20
7,33,42,44
16,32,45
16,20,26
34,45
0,33
1,4,19,36
11,26,35,39
2,8,16,39
5,22
0,11,46
5,7,11,18,25,37
31,34,42
12,27,28,43
13,35,36
13,34
4,9,10,13,39
27,28
0,2,46
0,5,13,22,45
1,6,41,46
31,36
9,27,28
15,17,40,47,49
0,16,38,48
16,32
3,18,35
0,2,13,33,46
4,9,19
17,29,47
16,20,32,45
9,33,42
11,12,17,44
3,18,35
0,7,15,48
5,22,30
17
7,10,15,40,48
12,25,31,36
14,32,44
4,9
1,40,44
2,17,26,35,41
46,48
1,2,5,16,19,29
7,15,49
17,22,47
17,29,47
20,21,30,47
2,13,14,17,23,44,45,46
0,10
0,3,36
3,4,23,24
0,14,18,32,44,45
5,48
33,42
1,14,21,25,26,39,46
0,3,46
1,19,33
23,24,40,41
7,8,31,35,42
14,44
5,8,9,22,23,30
1
23,24,40,41
4,27,28,47
7,30
3,18,35
11,31,40,42
19,43
1,5,22,47
2,4,12,29,30,42,46,47
2,18,20,29,38,39,40,41
0,2,46
6,7,15,30,46,49
10,28,30,39,43,44,46
4,23,27,28,45
33,38,45
14,28,44
5,18,22
0
17,29,47
6,18,29,46
5,20,33
7,20,21,27,28,39,48
7,15,25,49
25
14,44
5,8
2,27,46
7,15,41,43,49
5,7,10,12,28
4,5,19,22,32,49
16,32,45
5,12,38,49
4,14,44
23
21,37,48
27,28
0,2,12,16,32,45,47
14,27,44
3,18,35
23,39,46
18,19,35,38,41
17,40
1,8,25,33,48
4,24,45
22,24,37,42
30,34
17,20,47
7,15,49
42,47
3,18,35
1,6,16,19,36
37
1,16,18,25,31,41,45
1,12,17,19
11,13
7,11,37,45
23,24,40,41,43
17,18,29,45
4,9
7,12,15,20,29,42,44
22,32,39,44
16,32,45
6,11,14
16,21,26,35,47,48
33,35,42
1,9,19,37,44,47
29,38,49
4,9
1,8,19,38
20,39
7,15,16
1,7,9,20,22,30,36,46
4,5,26
16,32,45
14,37
27,28,36
16,21,32,34,48
25,43
2,10,48
23,24,40,41,43
5,22,24,46
7,11,37,45
3,18,35
0,32
5,22,41
14,44
2,8,43
19,36
23,32,43
36
16,32,45
1,11,36
1,2,5
17,19,46
1,4,9,49
16,32,45
3,7,26,34
12,24,30,36
7,11,37,45
0,1,5
17,29,47
3,18,35
7,15,49
3,18,35
25,32,38
9,29,33,42
15,19
13,14,19,44,46,47
17,29,47
41
1,18,19,30,40,45
1,18,36,37,49
7,11,37,45
0,18,26,31
4,7,8,13
30,33,38,42,49
0,6,11,21,26,36
0,2,23,33,46
31,36,37,48
4,9
0,19,29
16,19,31,32,39,45
13,22,30,35
3,18,35,36,45
7,12,19,25,31,35,36
27,37,39,40,44
7,11,37,45
5,10,24,25,28,46
7,11,37,45
15,21
4,9,35,49
15,22
3,18,23,35,49
2,16,38
38
11,13,27,28
1,19
7,12,15,40
27,31
5,28
15,20,42
17,18,19,21,29,31,36,47
1,42,46
1,17,31
27,28
17,29,47
16,25,32,45
5,22,43
5,7,11,37,45
24,27,40
15,27,30,34
16,32,45
2,36,45
5,25,46
30
14,40
13,33,42
3,41
33,42,46
8,17,18,42
7,12,20
33,42
14,15,16,21,39
43
12,16,42
2,11,46
12,21,30
8,33,40
33,42
5,22
14,21,36
4,27,28
16,17,31,32,34,38,45,47
0,19,26
23,24,40,41,43
14,15,23,35
0
0,2,46
27,28,44
7,9,15,49
0,2,46
7,42,43,45
7,15,49
0,2,46
29,33,42
7,15,48,49
12,31,36,48
14,18,41
16,32
7,11,37,45
22
23,24,40,41,43
2,34
5,22,46
5,22,31
4,13,45,49
34
27,28,41,49
28,40
17,39,40
14,18,24,31,40,44
2,12,29,47
6,8,34,35
22,33,42
12,31,36,48
33,42
0,2,46
16,32,45
15,23
9,15,17,35
20,27,28,30,39
12,31,33
7,9,20
15,42
0,4,15,23,41
5,21
19,42
0,2,39,46
3,4,9
16,32,45
27,28
10,12,22,31,36,49
15,17,18,23,24,44,49
1,19
5,14,34
20
19,21,32,33,36,39
0,12,22,48
4,25,38,40
4,9,27
0,2,46
3,18,35
11,24,32,33,42
0,13,21,44,46
12,31,36
39,44,46
23,24,40,41,43
0,2,46
7,11,37,45
15,17,35,39,40,41
15
36,44
5,18,20,35
7,11,37,45
12,31,36,48
11,28
0,1,46
8,18,38,45
16,27,28,36,41
7,15,49
3,8,19,31
14,43
5,14,22,28,46
5,22,24
7,22,28
7,15,49
11,12,29,36,44
6,7,15,49
3,10,15,19,32,36
10,23,25,26,40
7,11,37,45
1,8,15
7,15,49
7,15,16,32,38,48
0,2,46
24,25,29,39
14,43,44,45
5,22,35
17,29,47
1,43
12,13,14,42
1,2,19
12,26,34,48
15,28,35
7,15,27,29,49
7,11,37,45
14,44
19,41,42
27,28
2,26,33,46,48
4,5,9,22
0,2,46
10,16,33,42
23,24,40,41,43
3,5,22,26,28,49
16,32
11,26,34,37,38
7,12,28,38
1,19,24
47
1,20,48
3,33,42
4,9,30,35
1,13,19,30
4,9
4,11,13,41
0,14,44,46
19,20,30
18,35
16,21,27,29,34,36,43,48
28,34
12,25,31,36
11,14,17,19
4,27,43,47
4,28,39
14,33,42
8,9,11,25,49
12,14,26,44
5,17,24,32
13,37
25,26,27,28
0,3,14,21
2,3,4,42
0,16,42
9,16,23,36,41
10,12,20,25,31,36
27,28
3,18,35
23,24,40,41
7,11,37,45
0,4,13,14,28,30
4,9
1,39
15,33,38,42
27,28
16,32,45
18,27,28
23,25,44
2,46
2,17,18,34,38
1,19
4,7,9,15,20,40,47
27,28,37
10,18,22,24
0,2,46
7,33,38,39,43
7,15,49
4,9,32
0,46
0,2,46
13,20
2,12,23,29,33,42,48
4,9,48
1,19
3,38,40,45
5,17,29,47
0,4,28,38
0,14,34,44
7,15
3,14,20,25
10,30,35
17,29,47
7,11,37,45
7,15,29,49
11,15,19,23,33,42,44,46
13,33,42
4,9
0,26,30
16
14
4,5,33,43
7,10,31
26,49
4,18,27,33
10,16
3,9,12,27
14,44,46
22,30,31
0,46
11,16,26,27,28,31
5,22
5,7,17,22,34,39,40,45
1,19
7,11,37,45
7,11,37,45
2,3,18,23,24,34,35
16,32,45
23,24,40,41,43
42
18,29,34,44
33,36
3,14,48
3,18,35
5,22
16,32,45
18,35
17,29,47
15,20,32
4,9,16,34,35
7,15,19,22,49
3,20,27,41,46
15,38
2,3
0,2,46
4,10,37,38,41
9,13,36,42
1,3,18,22,35
2,27,45
12,31,36,48
33,42
14,17,25,32,39
8,27
16,32,45
3,18,35,41
17,33,34,42
4,9,30
3,7,18,35
23,24,40,41,43
4,19,32
6,10,17
0,1,46,48
8,25,29,39
39
1,5,43
49
14,20,30,46
14,19,24,29,33,34,47,49
3,18,35
0,2,32,37,38,42
7,11,25
3,33,42
5,22,49
29,42
5,8,22,32,45
33,46
16,32,45
34,43
9,15,45
2,6,25,29
18,43,44
5,7,11,27,37,45
7,15,49
8,18,35,48
7,11,37,45
20,28,34
3,18,35
6,42
4,9,10
7,16,30,33
5,22
16,22
22,37,44
42
0,2,46
0,2,46
17,29,47
0,17,29
5,13,21,22
23,24,40,41,43
16,32,45
10,29
4,16,25,30,41,43,44
3,18,35
7,15,20,37,48,49
17,44
5,17,22
4,5,13,25
23,24,40,41,43
23,24,40,41,43
10,21,26,36
15,22,27,30
19,28
3,18,35
12,31,33,36,49
14,15,29
42
5,22,44
12,31,36
7,11,19,37,45,47
1,4,15,19
1,7,15,49
19,34
3,18,25,46
33,47
17,29,47
8,32,38
13,15,37
5,22
4,6,9,35
27,28
7,11,37,45
25,30,45
6,8
29,37,38,42,47
17,29,47
20,43
9,34,46
4,46,48
2,18,22,35
15,42
0,2,7,27,46,48
7,11,37,45
30,32,49
17,29,47
4
12,31,36,48
4,32,47
0,34
8,10,11,37,38,42,46
4,9,17
14,44
13
0,13,46
1,18,25,26,33
3,18,19,27,28,39,46
5,11,16,28,38,49
3,18,35
2,14,44
1,2,25,31,33,34
45
4,9
12,27,28
3,18,26,35
1,3,16,48
30,36,40
5,7,19,22
19,32,34,43
5,22,41,47
0,7,15,49
5
7,15,49
4,9,12,30,36
5,8,22,36
12,31,36,48
3,18,27,35
12,31,36,48
7,11,37,45
15,27,28
24,36,38,42
7,11,26,37,45
3,6,30
1,19
0,2,46
3,15,28,30,32
2,9,17,20
9
6,17,47,48
4,16,32,45
3,12
33,42
7,22,33,38,41,43
14,44
12,31,36,48
20,30,31,33,37
13,17,41,49
1,5,6,29,34,37
10,14,36,37,44
3,5,25
0,46
27,28
5,22,28,33,35,39
21,26,38,45,48
17,29,47
4,9,33,38,43
17,23,26
18,19,23,24,40
4,6,9,23
5,19,35,39,41,43,47,49
15,33,42
0,10,13,25,33,39,42
0,39
17,29,47
8,30,41
17,18,31
12,31,36,48
5,18,22,27,31
29,44
15,27
1,17,42,46,49
13,27,29,30,32,34,35
1,15,18,34,42,49
3,18,35
8,40,44,47,49
22,42,46
15,30
16,32,45
41
0,4,9,13,29
16,32,39,45
3,18,35
1,14
24,29,49
1,19
7,15,49
16,32,45
4,9
10,17,28,36
23,24,40,41,43
5,22
16,32,37,48
24,27,33,42,43
18,32,35
1,30,32,41,43
16,17,30,42,43
1,5,7,19,27,33,40,43
17,29,47
21,22,27,39
10
5,22,29,48
0,28,35,36,42
7,11,15,33,34,38,46,49
33,42
33,42
4,9,13
5,20,30,49
10,11,13,22,25,28,45,48
3,18,24,25,31,35
0,14,17,37,47
2,43,44,46
18,33,42
6,7,8,11,12,26,28,39
29
19
5,36,41
4,21
2,4,15
7,15,49
3,7,11,18,25,37,44,48
15,41,44,49
3,5,33
5,22,23
19,29
15,20,29,43,48
1,3,9,18,30
33
17,21,44
27,28
11,19,26
0,2,46
17,29,47
0,2,22,46
16,32
13,22,23
8,27,28,41
3,18,35
14,28,42
8,13,18
2,14,42
0,14
7,15,49
17,29,47
7,15
7,16,24,26,32,41
0,2,46
14,44
7,11,37,45
3,18,35
16,32,45
1,19,24
9,11,14,19,30,41
17,29,47
14,32,44
4,9,40
30
7,23,24,25,29
3,11,12
18,34
7,15,49
1,19
22,47
3,18,24,26,30,35
1,2,12,19,41
1,13,20,31
5,22,36
3,18,35
10,13,35,48
25,45
0,2,3,25,46
1,19,44,49
16,32,45
23,24,40,41,43
28,29
2,4,17,29,47
7,11,37,45
44
9
1,19
3,10,22,35,38
12,31,36,48
5,22,26,43
4,31,32
0,4,7,28
5,22,36
1,3,4,18,26,35
0,2,46
3,10,18,35
1,19,34
0,2,46
0,13,21,35,45
17,43
1,19
27,28
16,32,45
36,45
3,6,46
33,41,42
14,44
3,18,35
7,11,26,37,45
6,16,37
7,36,42
23,24,40,41,43
0,13,23,46
3,4,30,34
27
3,4,23,32
17,29,47
23,24,40,41,43
23,36
7,11,37,45
28,48
6,14,38,44,47
24,28,39
11,23,24,40,41
23,24,37,40,41,43
4,21,26,40,48
6,16,32,34,42
3,17,28
8,10,36
37,43
8,15,21,33,42
3,8,18,30,35,49
1,12,19,23,33,42
4,9
10,25,30
0,2,46
0,31,37
22,23,40
4,9
7,15,39,49
0,2,46
0,4,12
7,11,37,45
16,32,45
7,11,37
7,19,21,41
1,31
4,28,36,42
9,24,32,42
21,23,42
14,16,19,24,25,44
33,42
27,28,39,47
3,18,35
3,5,41,42
15,22,34,48
31,49
20,30
29,33,39
1,9,38
0,2,19,46
10,14,20
19,23,25,45,49
33,42
8,11,15,32,46
2,27,39
4,10,23
2,4,8,25
5,22,35
0,2,46
18
0,12,17,31,34,44
2,3,18,35
23,24,40,41,43
0,4,15,16,25,26,37
0,17,23,29,46
25,46
9,13,31
4,9,23,30
3,18,35
3,24,42,48
5,22
3,18,35
14,44
0,2,46
5,16,31,32
0,2,5,21,46
27,28
0,46
7,11,37,45
17,29,47
17,29,47
2,9,13,18,22,36,45
26,27,28,30
0,5,8,9,11,25
5,22,28
17,19
26,40,47
2,6,9,38,46
0,4,27
16,27,28,36,39
7,15,20,25
12,29,31,36,46,48
17,29,45,47
12,17,31,36,48
11,48
11,19,28,32
12,31,36,48
41,47,49
5,22
14,44
33,42
0,46
7,15,49
1,38
0,15,21,28,35,36
14,21,29,30,44
4,9
22,28
0,2,8,33,37,40,46,49
1,17,43
7,22,30
2,4,9,36,43,46
21,34,36,39,45
2,3,8,19,23,37,43
0,2,46
3,18,22,23,35
9,29
7,15,49
12,31,36,48
18,20,23,27
1,18
9,16,32,45,47
5,22,45
16,32,45
17,29,47
3,6,14,26,31
0,2,20,46
10,16,42,44,48
18,33,42
42
7,11,37,45
15,26,35,46
18,35,39
7,19,28,33,38
16,32,45
27,28
1,7,15,49
7,11,37
23,26
33,42
3,9,11,27,28,30,37,39
16,32,45
28
13,17,29,47
13,32,34,40
4,9,17,34
3,18,35,44
24,33
25,35,42
32,39,47,49
0,21
14,17,19,31,36,39,46
13,22,25,26,31,34
14,44
4,13,15,20
27,28
0,17,37,38
0,2,46
8,46
0,2,46
7,11,37,45
5,7,22,43
7,11,37,45
4,6,43
5,16,17,32,34,45,47
2,15,18,21,26,31,46
3,14,19,27,28,40
6,9,14,19,20,31,34
13,25
14,24,33
6,15,36
20,46,47,48
5,6,16,20
4,22,45
42
14,44
0,2,46
0,17,47
9,19,35,42,45
7,15,49
7,11,37
3,18,35
2,19,40,45
17,47,48
0,33,42
2,6,14,43
17,29,47
26,27,28
1,9,44
14,15,33
10,14,38,42,43
1,3,8,13,28,40,48,49
17,19,28,30
13,18,30,34,35
17,29,40,47
16,20,27,28
32,42
10,27,28
33,42
5,22,37
5,22,28,29,43,47
14,44
15,31,45
37
14,16,43,44
7,8,12,18,27,34,35,39
7
5,25,26,30,38
1,17,27,28
17,25,40,44
14,36,37,44
6,27,28,37
4,31
12,31,36,48
1,5,15,27
3,47
1,19
17,29,47
16,32
5,28,30,37
18,21,22,35
40,45,48
25,35
17,29,47
16,18
4
6,7,34,38
0,24,48
2,20
24
3,18,22,35
10,27,42
9,28
7,15,49
28
8,26
12,31,36
3,18,35
0,1,7,19,21
11,17,43,47
5,22,40
1,9,19,46
14,44
3,18,35
3,18,35
11,24,32
9,27,28,46
8,17,42,49
4,30,32,49
12,31,36,48
6
10
0,2,46
1,28,48
4
17,27,28,41
5,22,23,28,29,30,35
1,4,9
1,2,3,22,39
23,24,40,41,43
7,11,37,45
0,16,32,45
19,32,47,49
14,20,34
14,15,27,31,39,42
2,4,8,9,18,48
28,43,47
7,11,37,45
11
23,24,40,41,43
4,9
1,28,33,35,48
14,18,36,48
14,17,19,44,46
1,3,19,30,37,48
23,24,40,41
14,20,33
7,15,37,39
2,27,28,32,49
12,31,36,48
1,2,11,18
4,6,11,42
23,24,40,41,43
12,14,17,21,27,28,33
5,22
12,31,36,48
20,24,29
10,27,28,35,46
14,31
7,12,27,29,43
1,23,36
7,29,36,41,47
1,19
0,8,20,23,32
1,6,25
0,2,25,36
0,22
4,15,35,38
3,18,35
16,32
5,7,42
30,33,34
1,16,29,32,45
37,46
41
7,15,49
3,9,16,27,28,31,42
7,15,49
2,8
1,31,33,35,42
4
23,24,40,41,43
4,25,28
41
7,27,28,48
7,11,37,45
6,48
4,18,22,26,37
14
6,23,24,37,40,41,43
3,18,19,21,35
30,32,46
7
0,2,46
12,22,37
6,17,22,33
10,23,26,27,42
2,8,14,36
29,39,40
5,8,9,27,28,48
16,32,45
0,1,7,13,35,41,46
3,8,11,18,35
23,24,40,41,43
1,37
9,22,28,39,43
2,12,14,19,24,44
20,23,29,44
20,29,46
4,22,34
14,44
27,28
4,22,40
11,24,40
0,46
14,44,47
23,24,40,41,43
5,36,44
4,9,14,18
9,24,34,47
4,9,22
7,11,37,45
2,17,35,42,43,46
8,23,47
1,9,14,19,32,36,49
3,18,35
13,20,35,47
14,25,35,36,37,43
5,18,22
5,12,17,30,39,46,49
4,35
0,27,30,33,42
3,18,35
23,30
3,18,35
27,36,40,42,46
7,35
8,26,27,48
7,11,21,37
1,19,24
0,8,46
3,18,35
23,24,40,41,43
4,12,31
1,3,21,23,38
5,22
1,3,19,32,44,47
4,9,43
15,22,25
2,14,19,44
4,9,39,44,46
16,32,35
7,22,36
0,8,33,42,47
5,15,22
5,33,42,48
4,14,33,44,45
3,18,35
18,33,37,42,45
0,28,38,41,46
0,46
36,45
4,9,16,19,30
1,10,19,38
0,2,46
1,19,22
3,23,35
45,47
21,49
8,41
1,13
3,7,13,17,18,24,35
4,7,9,12,18,37
18,30,37,48
4,31,34,45
0,1,19,23,49
23,24,40,41,43
8,24,30,31,32,41,42
7,9,11,13,32,37,42
4,10,11,38,47
9,27,28,40,41
4,9
6,19,31,40,49
18,19,31,45
5,19,21,25,29,31,41,46
3,18,35
12,31,36,48
14,42,48
11,32,44,45,48
7,10,19
0,2,23,46
7,11,37
13,20,25,36
16,32,38,45
23,24,40,41,43
6,9,22,34,35
34,37,45,48
23,24,31,40,41,43
2,9,27,35
16,18,23,47
4,16,33
1,3,12,18,35,43
7,11,37,45
9,18,19,20,39
16,28,31,47
16,24,32
10,14,19,24
0,2,9,37,40
27,41
25,48
14,16,19,21,32,45
37
4,9
3,18,35
1,19,39
4,40,48
15,17,29,47
4,6,16,23,31,33,47
5,14,26,41
2,21,24,28,30,36,41
27,28
11,24,39,47
6,14,24,42,44
15,18,25,39,41,42,47
3,25,39
1,2,6,10,47
18,30,34,43
7,11,37,45
14,16,44
7,11,37,45
1,4,8,34,41
1,19,37
4,17,37,47
6,9,15,16,18,34,35
1,16,27
5,6,22,31,32,37,47
7,11,37,45
3,18,20,35
14,32,44,45
1,26,28
25,38
5,22,33
23,28
25,34
15,21,47
1,19,21
17,29,47
6,18,29,36
8,31,42
4,9,26
1,19
7,18,27,31,32,33,42,48
28,30,35
14
28,31
10,16,47
19
6,20,24
8
17,47,49
21
48
0,11,42
16,45
16,32,45,46
3,15,18,35
4,9,44
12,16,20,26,31,43,47
1,2,28,39,42
0,2,46
9,37,44,45
0,35
4,36,41
16,19,35
33,42
7,11,37,45
1,34
13,18,21,35,41
12,21,29,30,45
12,17,27,28,44
5,22,39
5,7,26
28
1,9,30,32
30,35,49
9,32,37
4,9,12
7,15,49
4,9
4,14,30,32
7,12,15
23,24,40,41,43
14,44
20,27,28
4,16,32,45
14,28,29,38
10,18,37,38
4,9
1,29
20,27,28
1,4,9,41
1,3,9,19,43
14,16,43,44
3,18,35
1,5,6,23,29,40
5,22,25,29,42
3,10,17,18,34,35
7,12,31,36,43,48
13,23,29,30
0,2,31,42,46
23,24,40,41,43
27,28
6,14,17,19,44,48
33,42
27,28
1,35
16,28,32,45
21,27
16,35,49
5,22
1,3,4,12,37,44,47
27,28
41,46
12
3,35,49
7,11,37,45
17,29,47
3,18,35
22,26,32
1,19,48
5,17,29,47
23,24,40,41
5,22
17,29,40,47
0,2,46
16,32,45
3,18,35
4,9
2,28,38
17,29,47
12,31,36,48
11,14,24,28,30,34,42
7,11,37,45
7,22
17,47
3,18,35
0,3,19,22,26,28,33,42
16,32,41,45
8,39,40,45,49
0,46
4,25,48,49
5,11,13,14
7,11,37
12,31,36,48
5,22
3,18,35
9,14,23,24,44
4,7
0,2,46
5,22
23,24,40,41,43
17,26,29,47
19,30,48
4,9,15,26,34,37,41,46
12,31,36,48
8,11,34,35,42
22,34
1,5,19,27
27,28,29
1,19
3,18,35
6,7,24,31
7,22,35,42,44
13,14,18,39,44
7,15,49
11,27,28
1,19
33,39
18,19,33
2,3,7,12
16,32,45
14,20,49
19
37,40
5,22,41,44,46,48
0,13,27,48
30,44,47
13,19,40
2,4,5,11,15
2,4,6,9
14,42,44
33,40,42,44,45
7,15,49
14,21,36
1,23,31,42
2,15,23
5,7,20,22
3,18,35
23,26,32,44,46,49
3,18,35
18,22,26,33
7,11,37,45
7,11,37
1,36,44,46,49
17,19,24,32,39,40,42,43
5,39,44
0,13,43
17
1,35
27,28
31,36
9,33,42
0,2,46
26,28,44
4,13,37
7,11,17,27
0,7,15,18,21,27,35,49
16,32,45
12,31,36,48
2,14,16,20,44
8,17,29,31,44,47
2,9,38,44
2,7,14
6,22
16,24,32
20,34,41,44,49
5,12,15,17,32,44
13
38,40,44
7,11,37
4,9,25,30,34,45,49
17,29,47
7,11,37
10
12,25
17,22,49
17,29,47
9,10,40
12,31,36,48
1,17,19,21
7,11,37,45
0,18,23,24,34,40,41,43
7,8,42,44
14,32,44,48
5,13
7,14,44
27,28
5,22
37,38,41,45
11,13,14,29,40
2
22,31
1,11,19
3,18,35
3,6,8,27,28,35,37
7,11,37,45
8,30,37
2,16,32,42
19,27,28,29,35
4,12,16,21,45
7,15,49
4,9,25
5,22
0,2,46
11,20,25,32,36,42,45
0,4,9,30
33,42
1,3,19,38,42
23
3,18,35,37,47
16,31,35,42,46
14,20,34
1,19
15,35
33,42
12,31,36,48
22,23,32
14,44
27,28
12,31,36,48
2,31,38
0,6,7,11,17,37,45
21
9,47,49
24,39,48
4,9
12,19,22,27,28
3,17,26,47
9,33,42
7,11,37
5,32,33,46
46
16,32,45
17,27,28,43,44
5,6,7,15,17,37,46,49
16,32,45
5,22
16,33,42
8,22,42,48
28
3,17,18,25,29
3,18,35
3,18,35
11,27,28
12,28,31,36
25,31
1,7,27,28
9,24
16,30,44
23,24,40,41,43
27,28
0,2,46
33,42,46
3,4,20,38
16,32,45
27,28
1,14,39,44
27,28
2,23
20,35
16
14,44
3,5,17
0,17,18,28,47
0,4,43
9,15,47
15,48
1,47
6,26,36
15,28,29
7,20,23,48
16,41,46
5,12,21,27,32,49
7,11,37,45
23,24,40,41,43
1,20,31,34
4,9
11,23,24,40,41,49
0,16,32,35,45
6,7
4,9
4,22,26,29,34,43,47
27,28
4,6,7,25,29,32,46
5,22,27
12,31,36,48
3,18,35
7,11,27,37,38,45
39,41
27,28,37
16,20,32
7,15,21,49
17,29,47
10,23,28,37,43,46
14,44
0,10,16,32,45
0,12,15,31,36,38,48
4,7,14,39,43,49
16
9,10,22,25,36,37,45
6,12,23,27,35
8,10,16,20
26,45
7,11,37,45
14,44
5,22,31,46
1,19,41
3,18,35
7,13,21
5,24,44
5,9,11,22,33
0,16,42,43
0,20
3,5,25,29,49
17,30,33,42
22,24,33
1,16,20,25,38,45
23,26,32
24,47
1,17,37,38,39,49
4,15,34
38
1,24,36
4,9
17,29,47
0,16,32,46
1,2,5,18,24,27,35,42
10,14,16,20,21,34
16,32,45
4,15,16,32,45
12,16,25,33,42,46
7,15,45,49
2,9,10,11,26,36,45,48
1,13,30
9,10,25,28,36,38
11,28,40
0,2,18,46
27,28
17,29,47
12,31,36
21,23,45,47
8,24,43
26,46
2,7,27,38
17,29,47
7,14,15,45,49
4,12,22
1
27,30,33,43,44
15,27,42,49
33,42
7,11,37,45
26,27,33,35,45
7,15,49
6,8,20,25,40
3,4,5,9,13,14,22
1,19
1,19,49
20,33,42
17,29,47
42
1,5,40,42,44
1,19
27,28
19,25
29,33,42
34
16,19,32,37,42
3,7
9,42
3,35,39
47
24,49
27,28
12,31,36,48
22,46
17,19,48
5,22
12,43
5,22
0,4,9,46
2,14,20,28,37
2,9,14,26,29,36,44
17,29,47
4,12,34,35,46
3,5,31
0,16,41,46
5,13,22
12,31,36,44
7,15,49
1,25,28,34,48
3,18,35
7,11,37,45
27,28
1,19,35
35
5,15,28
20,29,47
4,19,49
0,2,46
13
33,42
6,9,12,25,39
3,42,46,47
1,6,15,26,30,40
14,44
3,8,21
1,4,22
9,12,26,48
33,42,49
1,4,7,8,9,15,36,49
2,34,44
21,22,32,33,41
10,14,44
0,11,12,23,32
0,2,9,46
3,40
7,15,49
13,17,34,40,45
2,11,18,38,39
1,16,39,49
0,4,9
1,6,29
2,6,22
44
16,22,26,31,36
24,28,45
7,44
0,40
4,15
0,2,46
0,35,42
5,14,23,33
13,20,31,38
21,32,33,42
37,49
3,5,34,44,46
1,19,49
17,29,47
0,16,32,45
18,35,47
18,35
13,16,26
4,11,26,35,45
17,29,47
18,28
17,20,31
31,33,34,42
27,47
12,16,32
1,5,6,13,19,28,32
5,6,14,16,26,27,34,35
32
1,33,41,42,48
7,15,49
4,11,27,28,46
14,30,45
11,19,24,44
0,30
17,29,46,47
7,11,37,45
23,44
5,12,22,28,36,42,43,44
10,36,38
3,27,28
5,22
4,5,18,22,25
1,19,45
1,13,23,29,33
24,26,27,28
7,11,37,45
7,11,37,45
5,22
0,27,36,45
16,18,19,21,24,28,33,42
7,15,49
0,2,28,46
12,17,29,33,37,41,47
5,22
3,8,10,21,32,35
1,14,17,19,31
7,15,33,49
14,44
14,44
0,5,27,28,29,32,39
4,9,11,14,18,32
27,28
4,9
18,20,32,42
14,22,28,37
2,17,22,29,30,47
3,8,10,27
2,14,36,44
5,6,22,27,29,41
5,12,18,22,32,42
3,8,18,35
12,31,36,48
33,42
0,27,28,36
16,32,45
3,18,35,44
27,28
16,32,45
3,25,35,39,48
39
28,48
7,10,11,18,20,23,28,37
3,14,18,37,47
16,20,32,46
23,24,40,41,43
5,22,37,45
10,17,40
7,15,49
5,22,40
12,26,28,44
19,25,32
16,17,28,32,45
20,23,42,47
27,33,42
10,15,33
43
7,15,19,37,49
23,24,40,41,43
7,11,18,37,45,46
4,6,9,36,48
7,15,49
33,44
1,13,22
15,23,36
13,35
37,39
6,17,24
24,27,28,39,48
2,7,11,37,45
11,23,45,46
4,9,16,28
1,10,23,28,46
23,24,40,41,43
0,17,43
3,18,35
0,7,13,14,16,17,32,45
5,14,17,38
4,9,27,32
7,11,37,45
4,9
7,15,17,37,49
15,22,24,27,32,42
6,44
5,15,22
12,31,36
0,25
4,5
13,28,41
15,16,24,32,43
0,17,29,47
14,24,31,44
9,14,27,28,29
27,28,42,46,49
8,33,42
9,17,27,28
0,2,46
2,11,26,34
22,25,27,28
23,24,40,41,43
1,6,9,11,26
27,28
22,37,47
3,9,18,33,34,35
2,17,47
23,24,40,41,43
17,26,34,47
7,10,13,22
5,20,22
23,24,30,40,41,43
26
1,19,20
17,29,47
8,15,36
31
17,47
1
7,11,37
7,11,15,36,49
5,7,11,37,45
0,2,22,46
2,8,17,20,45,49
12,29
7,11,16,17,19,33,37,45
6,22,42
7,8,15,18,49
1,19,30,42
4,23,25,49
3,18,35
0,30,33
43
18,35,44
26,31
9,40
4,8,33,42
14,34
18,35
5,33,42
11
0,7,21
7,9,15
3,18,35
22,45
18,30,35,37
1,19,28,39
7,15,49
10,16,24,31
3,12
0,2,46
9,16,24,32,45
1,5,17,22,27,42
0,12,31,36
1,49
6,16,34
1,12,48
12,31,36,48
0,2,21,46
2,12,34
5,22
27,28,44
3,27,28
17
21,38
7,18,46,47
3,21,33,42
30,31,33
23,24,40,41,43
1,19
20
3,23,24,29,42,44
20,28
29,31,36,45
0,6,7,8,13,15,44
16,32,45
16,32,45
3,18,35
17,29,47
17,29,47
21
2,13,42,46
16,21,32
3,18,29,31,35
12,17,25,28,31,35,36,39
10,42
14,34,44
0,21,46
3,18,35,47
28,31,47
0,2,46
5,17,20,22
10,42,45
11,20,36
10,45
6,19,30,46
9,39,40,49
14,21,24,25,37,43,44
3,6,27,28
12,24,47
1,10,29
15,24,29,31,45
9,12
5,8
45
3,33,36,42,48
7,15,49
31
20,27,28,44
0,2,41,46
12,31,36,48
2,8,12
40,42
3,18,35
38,46,47
28,34,40
14,44,46
16,32
16,32
3,18,22,35
33,42
30,49
2,14,23,36,44
12,31,36
0,25
41
33,42
33,42
3,27,28,43
11,12,17,23,24,40,41,43
0,2,46
21,45
15,24
4,9
6,13,18,20,26,40
23,24,40,41,43
9,12,40
4,7,11,13,20,30,37,45
7,15,49
16,32,45
13,14,40
6,10,32,41,43
6,17,47
0,22,27
8,24,29,43
14,31,35,39,44
8,34,36
5,46
6,26
3,18,35
4,8
31
12,16,32,40,45
12,28,32
30,36,45
0,2,46
20,31,35
17,47
23,24,40,41,43
25,32
8,14,15,26,44
3,21,26
2,9,14,17,28,31,45
8,27,28
0,2,13,43,46
15,16,25,32,43,45
3,4,16,20,22,42
0,2,46
6,12,14,25,31,36,48
7,11,37,45
15,20
24,37,40,45
7,15,49
11,25,40,41
4,20,36
4,13,20,22,29
1,34,40
27,28
27,28
38
1,12,31,32,36,48
16,19
1,10,11,15,20,31,44,47
0,2,46
29,33,45
2,47
23,24,40,41,43
21
1,11,17
5,22
0,2,27,43,46
14,22,26,30,35
17,29,47
23,24,40,41,43
5,8,14,20,22,42,43
17,29,47,49
7,15,36
4,9,14
5,27,28,35,39,42,48
7,15,49
12,16,36,43,46
28,40
0,2,46,47
20
15,23,27,28,29,41,46
1,19,26
17,29,35,47
5,22
19
14,15
44,46
11,34
7,15,49
0,4,6
10,45
10
2,5,7,11,37,45
12,31,36,48
3,18,35
30,41
12,30,45
9,23,42
3,38,43
15,28,49
1,29,33,42
17,26,29,43,47
14,44
15,27,28
4,13,17,38,48
4,9
1,12,14,31,36,45,48
13,41
29,49
4,9,46
5,22
23,24,40,41,43
16,25,32,40,41
0,27,28,44
0,4,22,27,46
7,15,49
9,32,37,49
3,18,25,31,35
23,24,40,41,43
5,16,22,29,33,42
0,4,10,24,27,30
14,44
12,38
7,32,40
40
8,9,12,16,41
0,2,46
5,21,22,25
1,8,23,24,40,41
7,22,26
4,9,34
3,5,22,45
23,24,40,41,43
3,10,16,19
7,19,21,26,44
1,19,35
3,18,35
5,30
24,27,34,42,47
7,15,49
7,11,20,37,45,49
22,35,47
16,31,37
1,3,9,11,20,27,43
1,18,34,36
29
33,42
12,14,37
33,42
13,23,27,28
7,11,37,45,48
13,17,29,47
7,11,37,45
23,24,40,41
11,22,25,29,33,45
4,30,37,39,44
2,28,36
27,28,40,44
4,8,9,15,23,28,32,41
16,32,45
23,30,32,48
19,32,42,46,49
3,5,15,17,24,45
7,12,30,33,38,39
0,10
2,33,42
3,4,8,14,25,27,34,47
1,15,19,23,40,42,47
7,11,37,45
14,23,27,44
23,24,40,41,43
5,22,25,42
29,42
17
5,22,24
1,30,40,47
14,26,39
10,47
4,30,31,38
3,33,42
5,32,43,44,49
12,38,48
1,10,22,38
20
7,41
25,29,35
14,27,28,49
33,42,45,48
14,30,42
17,32,43,47
36,37
4,9,48
5,22
7,11,37,45
16,32,45
6,17,28,30,34,37,48
4,27,28,40
4,16,22,34
7,15,29,49
12,31,36,48
0,2,32,46
5,27,39,46
3,18,35
5,22,40
8,24,43,44
13,15,27
4,20,31,40
25,34,41
7,9,15,34,49
12,31,36,39,48
14,44
9,17,27,28
15,20,28
27,28
1,19,20,22,40
17,18,35
23,24,40,41,43
10,19,20,34
4,16,30
17,27,28,35
4,7,9,36,44
7,11,37,45
13,14,37
4,22,29
8,23,48
9,37
14,22
0,1,4,9,29,43,47
16,32,38,41,45,46
21,33,44
4,5,14,23,25,44
19,49
18,22
5,33,44,46
20,33,42
1,2,7,15,49
16,29,32
5,9,19,45
1,3,5,25,33,47
1,6
5,12,16,49
2,12,17,24,38
3,9,15
12,31,36
23,24,40,41,43
2,22
17,47
4,5,7,28,42,43,45,47
13,40,45
5,23,35
9,26,38
6,46
33,42
5,7,23,28
33,42
3,5,9,28,31
33,42
4,9,11,28,44
42,46
6,11,18,32,35
9,13,24,34
2,5,12,22
19,36,43,45
4,9,15,26
22,43,44
1,19,45
4,9,10,17
25
48
4,14,34
9,18
1,40,48
1,19
9,17,29,47
0,2,46
16,25,32,47
8,11,16,24,46
8,43,47
4,9,16
0,18
40
4,12,21,35,40
15,25,32
5,22,29,32,39
5,22
16,32,40,45
4,19,36,37
49
7,15,49
8,23,33,35
12,23,27,36
10,14,38
2,3,25,39
17,47
1,43,49
14,44
0,2,12,46
42,47
1,5,13,22
7,15
16,19,32
14,44
4,7,11,14,16,41,44,47
0,2,36,46
9
8,10,11,12,28,35,42,49
7,11,12,27,28,47
4,12,16,31,36,45
7,11,37,45
12,31,36,48
31,32,41
7,11,37,45
27,28
22,46
32,33,42
23,24,40,41,43
3,18,35
23,24,40,41,43
4,13,14,44
4,9,48
14,44
14,37,49
1,22,37,39,41
9,14,18,37
1,3,5,9,27,34,47
26,34,42
17,29,47
16,32,45
17,22,40
17,29,47
2,7,9,13,15,35,41
1,33,34,43
7,15,49
7,11,24,37
3,33,42
13,42
34,38,48
12,27,28
16,24,32,45,48
3,18,25,38
5,22
17,29,47
16,32,34,41,45
2
8,17,27,34,39
5,10,16,28,33,38,40,42
0,17,37,45,47
23,24,30,32,38,39,44
3,22
18,32,35
13,22,32,33
2,7,10
17,29,47
7,11,37
23,24,40,41,43
41,46
13,18,22,35,38
12,31,36,48
2,18,24,37
14,35,43,44
7,35
5,22
5,8,18,22,33,35
9,30
45
33,36,45
17,29,47
12,31,36,48
16,32,45
3,18,35
9,34
3,36,44
7,32,42,46
14,37,38,44
0,11,12,21,31,36,48
12,31,36,48
27,28,30,48
8,17,25,26,29,32
9,45
17,47,49
20,26,33,34,38
26,27,28,32,42,49
33,42
26,27,28,37
26,39
16,32
23,24,40,41
14,17,44
26,28,48
7,25,34,46,48
1,8,27,32,40,45
9,38,39,49
18,28,34,35
7,11,37,45
12,31,36,48
8,9,20,22,27,29,33
0,2,46
0,25,32
10,14,16,44
1,16,19,23,36
5,22,31
1,10,31,40
7,11,37,45
30,47
23,24,40,41,43
20,38,41,43
14,44
16,32,33,41,45
3,8,11,15,42
7,18,40
4,9
16,28,32,35,45
12,31,36,38,48
1,17,27,42
7,15,49
4,20,49
5,8,21,30,32,35,47
25,30
22,27
3,6,16,17,18,31
14,33,42
5,16,22
17,29,47
7,11,37,45
16,32,45
5
7,15,49
12,31,36,48
32,41
27,28
14,33,44
3,4,9
4,8,9,35,41
23,48
16,32,43,45
32,35
42
22,40,46
7,11,37,45
23,24,40,41,43
38,44,49
3,6,8,29,33
2
33,35,44
12,23,37
3,13,16
9,16,32,37,45
14,40,44
7,9,14,44
11,22,30,42,46
4,19,46
4,8,12,26,41,43
17,29,47
5,8,22
0,2,25,46
17,29,47
8,11,37,40
6,14,20,44,45
1,19,24
7,15,49
5,8,14,21,24,34,39,41
7,11,37,45
14,37,44
5,11,22,49
7,11,37
7,15,30,33,49
27,28,44,46
14,25,31
4,15,48
23,24,40,41
33,42,47
6,21,23,28,48
5,7,15,49
19,27,35,36
33,41,42
16,20,21,23,38,43
34
18,28,32,33
5,8,22,36
3,11,18,35,43
7,15,25,31,41,43,48,49
37,38
12,31,36,48
3,18,35
4,21,28,29,40
1,19,25,41
0,7,15
0,2,6,46
7,15,21,38
6,14,28,40
9,11,25,26,41,48
14,44
27,28
3,18,28,35
0,5
4,9
14,16,34,42
10,32,40,43
14,44,49
3,11,18,35,38
3,12,15,29
6,27,28
13,18,37,39,44
4,25,39,48
7,11,37
18,19,30,31,34,42,48
32,40
17,47
3,18,29,31,35,47
0,2,46
3,18,35
1,27,34,35,36,42
4,27,30,42
13,23,34,41
19,33,46
25,39
12,31,36,48
4,13,15
27,28,29,30,45
29,46
5,21,22,40
7,9
5,6,10,15,30
1,9,11,39
3,25,48
16,32,45
5,25,29
15,32,40
17,29,47
1,3,31
5,34,45
32,41
5,22
0,2,29,37,46
7,11,37
8,31,35
2
4,9
12,19,31,36
3,18,35
3,17,21,23,33,34,44
11,17,47
34,43
1,31,34,41
2,10,33,42,48
32,41,42,47
12,31,36,48
1,47
26,28,44,46,49
17,29,47
12,31,36,48
0
1,3,39
0,45
23,45
11,21,31,32,38,40
10,11,15,20,46
17,29,47
19,38,47,48
2,7,9,18,35
4,9
14,40,44
2,17,36
4,33,42,44
0,2,18,34,46
0,10,12,15,16,24,44
6,11,15,45
23,24,40,41
14,44
38,39
27,28
18,41,44
27,28,34
8,15,19,31,35,43,47
42
33,47,49
27,28,49
3,18,35
45
6,9,29,44
4,9,33
1,25,31,35
7,15,49
7,12,24,35
22
18,23,35
7,42
22,39,40
3,18,35
33,42
1,3,11,16,17,22,48
8,13,35,40
4,5,9,16,31,37,42
16,32,45
1,36,37
2,8,12,27,28
1,24,29,45
0,46
22,27,29,42
0
42
22,23,29,42
4,9,40
42
20,22,42
17,29,47
1,37
16,17,37
1,19,46
5,22,37
12,15,22,25,31,36,37,48
5,22
3,18,35
7,11,37,45
14,15,44
0,6,15
16,32,45
5,9,22,28,31
19,33,38,42
3,18,35
10,18,39
23,24,33,42
5,22
4,9
18,46
3,16,18,21,35,39
4,9,27,30,43
45,48
12,30,31,36,48
5,6,14,15,22,31,39
15,28
7,11,37,45
0,31,32
5,23,32,42,49
30,33,38,40,42
3,38
3,6,7,31,46
0,2,6,46
17,29,47
1,18
1,3,20,29
1,4,19,46
11,24,46
0,18,30,39
13,16,32,42,45,46
0,2,46
0,20,49
16,30
1,10,27,46
0,4,5,12,44,48
4,30,46
4,9,44
16,32,36,45
2,9,14,44
5,22,27
21,24,32
5,22
22,33,42
7,11,37,45
3,5,18,35
7,11,37,45
48
7,15,23,38,49
15,23,28,29
5,15,32,41
8,14,23,29,37,44
12,31,36,48
27,28
5,22,28
16,32,45
11,28,31
38
14,44
8,10,11,18,26,30,46,48
33,42
5,10,32
8,32
27,28,35
0,16,20,27
17,34,42,47
4,13,16,18,25,26,27,28
15,18,27,41
11,31,39,42
1,19
3,18,35
12,31,36,48
1,28,40
5,6,18,29,32,42,43,47
16,32,45
5,22,28
1,4,5,9,17,27
26,27,28
7,15,49
7,11,27,37,45
4,27,28
16,32,45
27
12
9,17,18,23,44
5,12,22,33,42
7,15,49
3,18,35
7,11,37,45
0,13,23,41
0,1,19
3,18,35
22,37
16,32
0,2,18,46
7,11,25,37
1,3,19
17,29,47
23,24,40,41,43
24,29,32
2,3,7,21,34
0,2,46
14,34,44
17,29,47
7,10,21,37,39,41,47
10,19,33,36,42,47
5,22,38
12,31,36,48
33,36,42
1,5,8,22,49
10,11,12
13,21,25
7,15,20,49
4,9
1,3,18,22,30,35
17,29,47
11
16,32,45
21,32,45
8,12,15,18,37,41,43
14,44
1,5,8,30,38,40
5,16,22,24,26,38
5,22
27,28
14,39,44,46
12,31,36,48
27,28
7,19
2,7,22,37
13,36
9,26
7,15
33
8,35,37
0,2,42,46
1,14,19,21
20,25,37
5,13,22
13,22,42
8,12,16,21,27
5,22,29
14,16,22,32,34
1,5,20,21,27,28
16,32,45
25,32,47
0,22,42
12,46
14,44
16,32,45
7,34,35,41
13,25,38
4,40
16,32,45
0,2,46
39,40,42,43
5,22
15,34
23,24,40,41,43
33,42
3,15,42
27,28
16,32,45
31,33,42
3,18,35
22
1,19
12,31,36,48
1
7,8,15
14,31,42,47
10,17,23,25,28,34,46,48
8,16,43
33,48
1,19,34
4,6,9
4,9,14,25
7,11,37,45
33,42
12,31,36,48
27,28
14,26,35
6,10,18,27,28,34,49
22,25,39,41
23,24,40,41,43
16,21,27,28
6,22,29,35,46,48
4,21,34,39
7,22,40
7,11,16,20,24,25,38,43
8,26,28,36,37,48
8,16,49
28,31,34,40
22,37,42
7,15
2,4,18,34,40
31,43
7,10,32
22,39
12,14,19,24,40,41
29,46
21,29,37,47
7,15,49
16,32,45
4,6,24,47
12
16,21,28,32,45
27,28,39
0,2,15,46
17,29,47
7,11,37,45
13,15,32,49
1,9,14,44
17,23,29,47
20,25,28
26,35
0,4,30
0
3,9,29
8,13,29,42
3,18,35
33,42,48,49
4,9
10,26,34
4,14,43
7,11,37,45
31,43
14,44
23,36
5,7,9,11,20,27,37,45
20,36
1,4,7,16,19,36
7,15,49
2,17,32,37
0,4,9,13,38,47
28
14,27,28
1
13
44
1,4,41,48
34,42,43,45,46
5,22,27,28
7,11,37,45
15,19,21,33,36,42,45
14,20,30,37,41,44
4,9
22
2,6,16,33
7,15,45,49
3,18,35
2,5,21
7,15,49
18,23,31,36,45
17,30,44,48
0,28,29
15,38,39
23,24,40,41
14,29,36,45,49
11,16,36,42
2,4,10,18
7,11,37,45
23,24,40,41,43
1,19
8,23,42
0,8,13,15,21,26,27
3,18,35
16,32,45
11
5,6,8,20,38
8,16
45,46
8,18,31,44
6,7,37,41
10,25,27,36,41
7,11,37,45
23,24,40,41,43
16,32,45
0,6,12
25
23,24,40,41,43
23,32,33,42,48
0,5,12,33,44
0,2,46
7,15,40,49
31,39
0,12,15,19,29,31,45
14,19,38,44
1,18,19
4,9,29,32
16,17,32,45
9,14,25,31,35,36,44
2,49
22,27
4,11
5,22,24,34,39,47
2,16,32
14,21,44
27,28,31
4,13
22,33,34,47
17,36,44
4,48
16,22,24,43
1,19
5,16,32
4,12,13,14,22
18,21,22,44
4,13,17,27,28,40,43
4,9,15
20,31
0,9,18,27,33,46
4,12,28,31,36,39,43
32,36,43
10,27,28,41
1,19,32,40
16,32,45
7,11,37,45
33,42
16,32,45
12,31,36
4,29,36,43
4,19,31
0,2,36,46
19,31,45
13,28,33,42
7,11,37,45
3,5,30,39,41
7,15,49
12,28,36,49
36
9,22,34
11,16,34,48
5,22,37
5,22
3,4,13,18,44
14,39,42
14,44
4,9,22
27,28
16,32
10,23,24,40,41,43
10,11,30
33,42
5,22,26,44
12
10,30,31,39
14,17
7,11,12,35,37
3,18,35
1,19,20
14,43,44
15,21,25,31,42
10,33,35,42
4,9
17,29,47
15,26,49
16,21,32,45
5,21,37
7,11,37,45
5,8,13
2,12,15,42
5,17,22,34,37
17,25,29,44
1,19,35
13,15,24
5,10,12,49
27,28,41
23,24,40,41,43
16,22,31
16,18,28,31
7,15,49
14,17,21,30,39
2,27,28,30
25,30
40,46
4,8,42,48
11,25,42
14,19,22,33,46
0,5,22
2,4,7,18,20,21,49
5,16,32,45
10,17,41,42
17,24,27
16,32,37,39,40,45,48
10
8,21,44,49
13,26,28
14,16,39
2,3,26,28,46
32,42
43,44,49
12,19,28,38
4,9,40
1,3,19
15,25
0,2,29,46
17,29,47
8,15,33
3,18,34,35
20
1,19,30,40
3,18,35
10,11,19,20,21,33,40,43
7
10,20,21,36
4,9
11,32,40
16,27,28,36
0,2,46
0,2,7,14,45,46,49
17,29,47
3,18,35
1,3,4,6,8,44
5,17,22
7,14,15,49
23,24,40,41,43
2
5,13
20,40,45
17,29,47
6,41
18,44
12,31,36,48
1,7,11,15,18,27,49
6,18,31,33,34
23,27
41
6,18,28,48
10,17,29,47
3,18,35
1,3,12,19
20,28
9,26,31,34
4,9,43
16,32,45
23,24,40,41
4,9,27,28,38,39,42,46
8,17,29,47
7,15,49
1,4,17,19,39
4,40
12,16,31,40
0,15,18,24,36,42,47
3,18,35
7,15,19,49
4,7,15,37,49
5,13,22
5,6,27,47
3,29
5,22
0,2,30,38,46
17,28,29,32,47
18,33,42
5,17,27,45
1,12,19
15
4,9
1,11,18,23,32
41,47
1,48
0,14,23,44
1
27,28
27,28
17,47
16,32,45
27,28
12,16,32,44
4,5,12
7,11,37,45
0,16,32
7,20,22,27
0,2,46
0,2,7,12
5,22
2,18,35
11,27,28
2,5,13,41
12,31,36,48
17,18,29,47
3,9,18,35
9,10,13,24,27,28,38,41
7,11,37
12,31,36
0,11,17,23,29,36,44,47
1,17,49
1,23,29
9,15,21,47
9,11,18,41,46
14,20,44
7,16,22,32,45
15,26,48
11,36,41
37,43,45,47
14,15,21,36,38,47
5,15,22
7,11,37,45
7,18,33,42,44,47,48
5,22
8,9,17
17,34
10,21,29,36
4,5,48
3,14,30,34,44
33,42
4,9,10,16
15
14
2,17,30,47
4,5,27,28
32
0,20,33,34,46
3,33,42
23,24,40,41,43
0,5,22,44
33,35,39
5,22,45
10,36,40
28,31,33
0,2,23,46
3,37,38,42
12,31,36
2,13,36
1,19,29
37
4,15,43
27,28
0,4,17
8,20,31,41
1,18,19,40
3,4,9,18
2,33,42
1,5,22,23,42,48
12,31,36,48
1,2,6,18,35
1,17,25
7,11,37,45
0,7
17,47
1,8,16,19,40
33,36,48
10,16
7,11,37,45
30,33,34,42
1,19
3,18,35
1,8,18,19,31,37,47,49
12,31,36,48
23,32,45,46
8,9,15,33,42
16,27
14,44
5,22,33,42
15,22
0,2,46
41
11,38,42
6,31
3,9,18,35
0,2,46
0,2,46
7,11,37,42,45
14,32,44
29,42
12,29,48
8,20,25,39,43
20,24,44
15,27,28
15,18,25,35
7,23,24,40,41
10,17,33,35
16,31
33,42,45
40
14,35,42
12,31,36,48
0,4,10,15,21,24,44
10,44
20,28,31
14,44,47
1,5,22,32
4,8,37,39
5,31
7,11,24,26,37,45,47
10,48,49
2,22,40
14,44
16,32,45
0,47
9
23,24,40,41,43
6,24,28,36
13,37,40
14,16,25,31
2,11,27,31
4,9
16,20,21,30,32
4,9,25,30,34,49
12,31,36
1,3,24,27,33
6,8,11,16,22,27,28
3,4,25
14,18,43
27,28
28,34,43
4,12,20,29
28,34,43
10,12,14,19,35,44,47
23,24,40,41,43
4,9
7,42
27,28,35
5,12,17,22,26
18,48
5,42
7,15
7,11,37,45
5,7,9,22
12,17,31,47
23,24,40,41,43
7,24
3,13
33,42
5,22
0,2,46
11,48
0,2,46
6,18,31,42
15,27,28,33
3,18,35,42
1,12,19,35,36
4,9,20,42,47
4,14,18,26,32,44
1,19
4,11,28,30,49
12,19,37
27,28,49
0,4,18,46,49
0,2,46
12,30,36
3,18,33,35
4,7,9,35
1,9,11,42
3,18,35
15,17,29,47
18,22
3,17
3,18,35
0,21
3,15,25
11,24,25
5,9,16,18,19,28,49
3,7,9,15,16,39
5,22
5,22
3,18,19,22,35
2,29
7,9,21,36
11,12,20,30,33,42,44,49
1,2,10,12
15
6,17,32,42
7,15,49
6,7,15
43,45
4,12
12,31,36,48
3,17,31,32,41
7,11,37,45
23,24,40,41,43
11,19
8,14,27,44
1,13,25,37,43
1,19
16,23,24,34,42,43,48
16,19
14,25,42,44
15,18
14,44,47
9,17,18,28,29,35,43
18,21,29,34
1,10,42
0,2,46
1,18,19
0,16,21,39
1,19
36
5,18,22
7,15,49
27,28,29
2,11,17,41
13,14,32,37,38,40
11,12,20,24,29,36,47
33,42
5,22
23,24,40,41
4,11,17,28,30
7,10,15,18,42,49
3,18,35,40
0,2,29,46
30,48
15,26,49
5,7,22
19,20
0,9,17,30,31,36
27,46
6,8,9,14,23,48
20,40,46
1,14,23,25
7,11,37,45
23,24,40,41,43
13,25,26,28
12,31,36,48
4,22,23,27
14
33,42
4,35
0,12,34
17,29,47
4,11,16,23,32,45
1,21,23
3,18,35
5,23
1,19
33,37,41,42,44
11
0,2,46
7,11,20,33,36,37,38,45
7,11,37,45
27,28
28,33,34
14,44
7,11,37,45
4,9,47
27,28,29,37
4,8,9,25,30,31,47
7,15,49
19,20,21,35,39,44
4,5,12,15
19,31,49
0,2,46
8
14,44,49
0,2,11,46
19,26,27,41
27
23,24,40,41,43
27,34,40,41
4,9
3,10,18,33,35
7,11,37,45
0,18,23
0,13,14,30
14,22,24,30,32,41,44
1
7,15,31,37,49
42
3,9,46
4,14,38,45
22,28
5,22,44
18,35
5,22,29
7,11,37,45
14,18,44
2,33,42
49
0,7,9,46,48
40
19,26
12,35,41
9,16,18,34,36,38,48
27
4,36,43
1,19,38,40
1,2,6,22,43
11,12,30
15,26,35,36,46
8,49
33,42
23,24,40,41,43
7,9,11,37
23,24,40,41,43
10
4,9
4,9,28
12
40,47,49
7,33,42
16,32,45
28
5,27,33,38,41
2,33,42
17,29,47
1,22,33
5,22
6,11,25,37
0,33,41,45
16
7,15,27,41,49
8,11,15,35
12,27,28
7,15,49
0,2,46
7,8,11,37,45
7,15,49
0,6
3,18,35
1,4,7,11,37
1,21,25,41
18,32,35,43
12,31,36
1,21
2,10,22
4,9,21,34
1,19
4,9,23,44
2,27,28,49
1,2,19,26
7,15,49
12,31,36
29,30
16,29,43,44
3,15,32,47,48
17,22,30,38
1,4,8,10,22,30,35,38
4,14,20
5,22,32
17,29,47
1,19
9,17,31,45,47
5,22
1,10,19
35
1,5,12,19
12,31,36,48
15,20,42,46
14,16,29,39,47
15,27,28
4,20
17,29,47
12,31,36,48
1,19,34,44
4,17,24,26,31,39
0,12,20,39
33,42
16,33,42,47
1,7,11,12,27,37,45
12,31,36,44,48
14,15,16,28,32
16,27,28
3,20,42
2,27,33
3,4,18,35
12,31,36,48
20,30,31,33,37,40,41,42
3,18,35
3,18,24,35
12,31,36,48
0,19,25,33,42
5,24,39
13,16,32,45
11,31,42
1,5,8,16
33,35,44
8,13,23,25,26,40,46,49
7,17,31,34,39,48
20,30,46
4,9
8,35
3,18,35
3,18,35
12,31,36,48
7,15,49
5,22
14,18,30,37
33,36,42,48
7,15,49
8,16,17,22,32,36,45,49
0,2,46
36,38
9,10,14,35,38,44
8,14,18,22,32,38,39,41
4,5,9,21,42
27,28
1,19
3,18,35
14,20,44
5,8,24,32,37,38,40
4,21,43
0,28,36
3,4,9,24,44
6,26,27,28
3,5,7,15,34
5,22
17,29,47
3,4,14,23,43,44,49
1,19
17,29,47
4,28,42,44,48
13,25,31,45
13,27,28,29,31,35,36,45
0,25,46
41
14,33,36,44
4,9,15,17,28,35,45
4,5,12
4,21,23,35,44
8,28,33
8
5,8,36,37,45
13,17,19
6,26
2,6,11,41,48
8,13,31,32,33
7,11,37,45
20
44
14,48
0,2,21,46
16,39
0,10,26,42
2,5,9,18,26
1,19,37,39
1,16,19,33,36
7,15,49
0,2,46
0
22,42
29,33,42,48
23,24,40,41
14,18,26
12,31,36
36,41
5,36,42
7,9,15,49
18,35
7
16,32
1,19,47
4,49
4,5,12,14,15,17,25,45
16,20,36,41,43
13,14,27,37
3,11,16,18,35
17,29,47
3,18,35,38
30,33,42
0,2,46
2,5,26,43
12,31,36,48
4,18,36,44
11
1,19,26,41
23,24,40,41,43
12,31,36,48
4,9,22
11,16,34
33,42,46
9,15,27,40
7,11,37,45
17,22,43,46
12,14,27,31,36,39
7,11,37,45
2,7,15,26,45,49
7,15,49
7,10,19,22,31,33,37
17,22,29,47
9,15,16,29
8,26
7,15,49
4,9,20
23,24,40,41,43
13,27,28
9,32,44
1,3,11,14
41
22,45,47
14,15,44
4,5,9
23,24,40,41,43
3,18,35
35,42,46
14,44
7,11,37
30,44
15,44,47
9,14,48
3,18,35
27,28
10,30,46,47
1,19
2,18,32
7,11,37,45
9,30
5,22,42
7,11,37,45
3,10,16,18,22,36,42
23,24,40,41,43
5,22
23,24,40,41
0,2,46
2,6,28,41
5,22
11,16,38
13,49
5,22
7,11,37
10,15,30
27,28,31,47
7,11,37,45
4,9
2,3,4,7,9,14,15,46
1,19
2,24,42
4,9,42
12,14,31,36,48
26,29,30,37,42
1,19
12,26,31,36
7,11,37,45
4,7,30
15,30,36,40
20
1,22,29
14,20,28,44
23,24,40,41,43
0,1,2,3,8,24,30,46
7,11,37,45
1,48
7,11,37,45
5,22,35
10,13,23,46,49
14,25,44,47
10
21,33,38,42
6,19,38
3,10,18,35
29,31,44,46
27,28
12,19,31,36
8,18,35
1,19
10,35,40
11,21,32,34
3,18,35
4,9
9,11,12,14,28,44
0,2,30,46
2,12,18,35
5,14,17,27,44,48
1,5,22,48
44
18,35
5,11,22
1,5,19,28,29,32
3,11,17,33,46
4,9,34,46
14,31,36,37
3,7,33,36,42
22,28,30
1,13,26,28,36,47
14,24,28,41
7,11,23,35,37
17,29,31,47
12,31,36,48
25,33,42
1,16,19,30
0,2,4,35,42,46
1,20,32,35
1,10,19,29,37,48
9,11,19,43
3,18,35
23,24,40,41,43
20,27
5,22
0,2,46
3,18,21,29,35
16,32,33,45
18,24,28,33,42
17,29,47
1,16,21,26,36,38,46
5,18,48
7,18,20,26,29,35,44
12,18,43
4,7,19,28,31,37,43,44
41,45,47
11,41
18,31,37,48
12
4,5,49
12,31,36,48
3,18,35
17,20,28,40
0,15,20,39,43
16,32,45
1,24,37,48
13,33,35,43
8,11
4,9
17,29,47
7,15,49
19,21,28
0,7,30,31,36,45,46,47
17
4,15,19
14,36,38,44,49
23,24,40,41
0,28
16,32,45
2,6,7,43
8,28,29,30,48
13,27,28
16,31,36,39
3,5,6,18,35,38,42
0,2,46
3,18,35
3,4,21
36,37,49
13,14,22,46
1,5,47
33,34
4,14,31,41
2,3,13,14,44,48
4,9
6,42,49
8,27,32,36
48
12,31,36,48
0,1,2,17,21,28,41,48
20,27,28,38
6,35
3,17,48
25,27,36,37,38
12,31,36,48
5,22
9,21,36,48
19,26,36
33,42,49
0,2,46
8,11,15,45,46
1,27,28
1,15,19
19,29,31,41,45,49
8,27,28
22
33,42
3,17,24,28,35,36,43,47
6,12,17,42,44,46
18,33,42
3,6,11,16,21,24,32,45
6,36,37,46
4,9,26,37
27,28
7,17,21,26
16,32
4,6,12,13
3,14,36
12,31,36,48
12,18,20,25
33,42
5,22
16,32,39,45
18,19,22
33,42
3,16,20,28,37
0,11,13,16,22,32,42
3,12,18,35,36,45
12,31,36,48
6,13,14,36,45
5,23,25,41
5,6,30,31,45
10,33,41,42
14,38
17,21,22
12,14,34
3,9,18,26,32,33,35
2,5,22,47,48
36,41,43
3,18,35
31
23,24,40,41,43
9,32,44
5,22,45
5,22,38
12,35,42
7,26
8,33,42,43
4,9,47
17,29,47
4,7,28
5,17,22,27,37,47
5,22,45
2,41
1,2,9,17,36
8,20
3,18,22,35
0,2,4,46
7,15,49
3,14,23,30,43
3,27,37
1,20,23
0,2,46
3,14,18,28,29,35
24,27,28
8,30,33,42
0,2,29,46
21,25
1,4,19
0,2,46
7,11,37
6,12,17,24,25,29,30,39
31,44
1,19
10,12,14,25,31,44
2,16,32,45
6,12,31,36
42,47
17,29,47
4,7,11,27,37,45
12,31,36
3,11,28,46
2,8,10,14
20,36
0,2,4,10,18,20,38,41
17,39
4,17,42,47
7,11,29,37,45
17,30
5,31,33,37,42,44
21,37,46
10,17,27,28,48,49
15,22
3
14,35,42
14,24,37
25,39,48
7,11,37,45
27,28,44
14,15,36,44,46
5,44
10,14,42
31,38
2,9,47
12,27,28
0,2,4,12,13,37,46,49
23,24,40,41,43
5,17,23
22
17,24,29,32,37,41,44,47
18,21,26
16,32,45
3,5,6,42
0,11,47
16,17,33,42
7,11,12,27,28,37,40,48
1,19
23,24,40,41
18,24,46
24
9,13,41
16,32
16,32,45
1,4,9,14,47
3,24,25,28,31
22,34,41
17,23,34,40
14,35,44
22,26,31
13,23,27,37
21,30,35,36
19,48
8,17,24
16,32,45
15,16,34
17,23,29,47
16,17,32,35,45
1,7,15,22,49
2,12,49
6,7,12,16,27
3,7,8,9,20,28,32,47
26
3,11,14,18,35
7,11,37,45
0,25,28,44
28,32,39
3,7,10,24,28,43
8,18,33,42
27,28
0,2,46
3,18,35
5,22,23,40
0,17,21
0,3,7,27,28,35
25,41,43
33,42
4,9,11,16,39
5,22
16,32,45
14,23,36,44
5,15,33,37,38,41,42,47
8,28,33,39
7,11,37
4,17,19,35,38,42
7,15,49
16,32
3,18,35
6,8,38,49
9,31
35,38
33,42
1,19,25
23,37
6,17,29,47
5,23,41,48
8,46
0,6,12,31,36,37
17,32,41,46
4,28,45
2,4,9,25
18,20,30,35
3,18,35
3,18,35
7
11
1,5,22,37
26,42
2,12,29
0,7,12,21
6,21
14,38,44
0,2,46
13,29,31,40
0,7,15,16,19,28,41,49
18,35
41
4,9,12,20,22
5,42
4,9,10,36,43
7,15,49
7,13,17,31,33,48
4,9,30,35
9,29,38
32,45
0,20,26,29,37,40,49
7
2,9,29,42
1,2,3
30,33,42
34,48
6,12,25,35,47
9,19,48
10,22,24
12,31,36,48
14,24,45
26,40,41
33,42
49
33,42
0,12
2,17,47,49
4,7,15,49
30,32,34,38
16,32,39,45,47
7,11,37,45
4,13,32,48
15,18
4,9,23,29
12,31,36,48
33
6,42
1,8,11,32,33,42
16,32,45
11,25,32,33
1,3,21,22,44
23,24,38,40,41,47
8,14,44
19,43,46
14,20,27,44
7,11,37,45
4,9
3,18,19,35,48
23,24,40,41
3,14,22,28,37
23,24,40,41,43
23,24,40,41,43
4,26,30,41,43
13,29,33,37,42,44,46
1,19
7,15,49
3,26,36
9,17,28,29,47
7,11,37,45
3,4,6,18,27,35
7,11,12,22,28,39,44
16,32,45
27,28,29
1,12,19
23,47
4,5,9,23,29
44,47
38
4,9
0,46
7
27,28,47
17,29,47
7,11,37,45
4,9
1,19
16,32
6,14,28,44
7,11,37,40,45
0,1,2,46
12,31,36,48
13,39,44,48
16,32,45
1,3,16,17,27,33,43,49
33,42
16,43
33,42
4,6,9,14,19,46
7,11,37,45
3,31,47
1,12,16,19,21,42
3,18,35
2,11,42
12,31,36,48
6,18,42,45
1,5,22,37,38,49
3,4,12,36,47
20,26,27,28
5,22
12,16,32,45
8,13,21,23
10,34
23
2,4,13,39
5,27,28,44
0,27,28
7,13,15,49
42
4,6,9
8,27,28
1,7,11,37,45,46
3,18,35
1,22,39
26,43,45
16,29,36,42,44
23,37
9,34
21,29,42
3,27,28
27,28,32,48
16,32,45
14,44
27
44
0,5,22,45
5,10,19,22,37,44
5,22,47
8,23,33,42
7,15,49
4,7,9,21,32,47
25,40,42,48
0,14,40,44
1,27
5,22,32,36
8,14,43,44
0,2,46
1,22,31
14,16,18,38,44
17,29,33,47
0,5,12,13,22,32
2,10,20
11,16,19
1,4,14,17,24,30,34
22,28,34,44
0,28
7,10,14
16,32,45
30
2,4,26,31,37
14,44
1,4,9,16,44
3,18,35
12,27,28
22,38
9,14,15,25,46
7,14,18,24,25,38,46
1,9,21,48
12,31,36,48
13,25,42,46
3,7,15,16,19
23,24,26,40,41
12,31,36,48
4,5,9,20
3,18,35
0,8,22
20,33,37,42
0,27,28,36
23,24,40,41,43
0,2,46
12,31,36,48
33,42
0,20
14,20,29,35,45
14,25
4,10,15
23,24,40,41,43
0,27,37
6,33,42
4,9,46
5,19,22,40
11,28
14,44
3,18,33,35,48
4,9,11,15,25
12,31,36,48
23,24,40,41,43
22,32
3,8,33,36,37,42,47
24,36
11,35,46
5,8,22
3,18,35
2,13,16,25,38
16,32,45
16,32,45
4,9,21,36
7,10,15,44,47,49
12,31,36,48
4,16,23,28,29
16,32,45
18,19
14,16,24,31,38
6,17
5,7,35,42
12,43
2,16,32,45
16,30,34
33
13,16,19,21,26,45,47
5,8,14,19,22,30
41
1,5,18,28
3,4,15,16,18,24,35
27,28
7,11,37,45
22,23,29,39,41
28,36
5,21,22,34
7,11,37,45
18,45,49
9,48
32,38
12,31,36,48
5,10,18
7,10,15,18,21,31,39,45
7,15
5
0,2,5,26,46
7,11,30,37
27,28
17,29,47
5,22
16,32,34,45
7,11,37,45
5,40,45,46
3,14,38
9,42,46
5,23,28
4,9,49
1,7,10,15,22,49
1,19,32,41
1,2,44,46
8
11,12,32,43
10,33,42
16,32,43,45
40
17,18,25,32
3,5,32
29,36,43
27,37,45,48
2,4,11,38,46,47
6,14,22,39,44
5,7,22
1,19,31
7,11,16,21,37,45,47
26,33,40,42
14,44,48
5,35,42
6,8,17
17,24,26,29,47
19,22,28
8,32,40,47,48
23,27,28
16,32,45
5,11,22,34
0,2,46
17,29,47
16,32,33,45
18,35
4,36
4,5,9,14,26
3,29,36
7,15,46
17,29,42,47
28,43,49
1,5,18,21
12
1,19,34
19,29,44,45,48
38,48
6,27,33,42
4,9
16,32,45
5,22,29,31,38,43
5,22,35
1,33,38,42,46
4,9,21,31,48
3,18,35
42,44
11,18,37
14,32,44
17,29,47
1,13,17,22,28,36,44
0,22,46,49
23,25,31
1,4,9,11,12,16,40
3,10,28,38
7,15,49
0,11,17,28,35
10,14,29
5,15,22
22,26,29,33
27,28,46
6,9,26,43,47
4,30
22
16
12,13,36,38,49
2,16,18,35,39
10,28,39,43
7,15,48,49
13
3,8,38,41
3,18,35
14,44
17,29,46,47
23,24,40,41
0,5,6,18
1,4,9,24,27,30,35,37
10,27,28,36,42
12,31,34,35,36,48
7,16,19
6,12,13,28,42,46
5,22
2,4,20,34,46
29,39,48
14
27,28,39
28
3,18,35
24,29,44
12,31,36,48
14,27,39,44
12,31,36,48
3,12,20,24
23,31,34,43
18,33,37,48
27,46
16,27,32,34,49
14,26,44
27,28
4,9
4,7,45
2,11,29,35,40,43
5,22
0,24,46
0,6,33
0,2,46
17,29,47
8,19,31
9,32,33
0,2,46
5,22,36
36,41,43
25,33
1,19
16,32,45
33,42
4,9,24,38,44
7,15,49
9
14,39,45
12,22
16,40,44
33,36,42
16,32
0,18,35
1,19,45
28,39
27,28,48
1,13,19,24,26,36,37
0,1,8,10,15,28
17,33
1,5,17,22,33
1,6,15,19
33,42
7,15,49
9,23,36,38
4,9,31
16,32,45
30,35
22,33,39,42
5,10,22
1,5,31,38
16,32,45
18,27,49
14,17,31,44,45
27
1,14,28,38,48
16,32
28,30
16,32,45
9,12,46
5,22
21,41
33,42
1,41
37,48
28,33,42
4,9,19,28
17,29,47
5,19,22,27,48
23,47
8,19
22
40,44,45
4,9
35
22,37
14,29
33,40,42
1,19
7,11,37
12,25,26,27,28,34
2,5,13,22
16,29,35,47
4,14,29,33
7,26,33,42
16,31
4,30,31,34
3,9,18,35
3,33,35,39,42
7,15,49
17,29,47
17
4,40
11,17,18
0,2,11,38,41
3,4,9,10,28,38
7,15,49
0,3,4,18,24,35
0,2,7,28,39,46
16,32,45
20,43
12,31,36,48
7,15
7,11,37,45
10,27,28
1,39
23,43
7,11,37,45
6,39,40,49
17,34,44
4,9
5,27,28,34,43
14,44
4,9,11,31
3,18,35
13,18,22,37,39,49
4,9
1,14,23
9,16,24,41
10,21,28,36
0,18,37,42
12,23,25,29,34
19,30,39
23,24,28,40,41,43
15,32
7,11,37,45
14,33,38,42
12,14,17,24,29,47
6,9,31,47
4,33
9,28
18,43
27,28,29
3,18,35
4,15
1,20,21
5,22,25
3,11,15,18,23,26,35,38
11,14,19,21,33,44,46
1,19
18,35,43
12,19,24,31,48
2
0,32,46
31,36,43
7,34
3,18,35
14,29,33,42
17,47
4,9,23,41,46
29
13,16,21,23
4,9
25,43
33,35,37,38,42
5,16,22,40
6,8,24,25,27,33,47
22,23,25,26,30,45
17,33,42
17,29,47
14,16,32,45
2,9,13
26,27
4,22,24
1,19
16,20,24,32
6,8,17,28,29,35
1,8,13,14,30,44
16,32,45
0,2,46
17,29,47
30,41
11,16,32
27,28,30
4,13,16,19,20,31,34,39
7,14,16,21,27,28,46
12,31,36,48
17,29,47
27,28
16,32,45
1,8,18,20,35,39,44
7,33,42
27,28,40,49
15,24,29,42
3,8,18,20,29,33
28,43
7,11,37,45
6,33,38
7,9,15,16,28,47,49
0,20,44
17,18,47
7,14,15,49
4,9,33,36
13,17,47
0,1,17,21,46
4,7,33,36,46
0,2,36,46
0,2,46
0,7,14,44
17,27,28
6,27,29,33
0,2,46
1,6,48
7,11,37,45
7,11,37,45
14,33,42
1,19
16,31,32,45
3,10,18,32,40,47
8,12,19
0,1,2,20,27,30,43
33,42
31
18,21,27,28,42
0,2,46
22,24,39
10,35
2,21,31
7,9,16,31,43,48
33,42,43,46
2,4,5,22,47
4,12,29,31,32,36,47,48
1,19
16,43,49
4,9,16,18,38
1,19
4,9,43
14,28,44
27,28
11,16,21,32,43,45
16,32,41,45
8,19,35
5,19,23,27,38,49
4,21,22,44,47
9,33
4,9,10
0,22,24,34
22,33,37,42
7,15,49
16,28,32,45
7,11,37,45
6,14,44,49
18,36,41
13,21,45
5,12,18,22,23,35,38
3,18,35
12,31,36,48
19,36,41,43,44
0,7,33,42,44
1
9,18,39,48
23,24,40,41,43
11
4,36
7,24,27
3,18,25,35
37,43
7,22,36
28,44
7,11,31,37
27,28
33,42
0,2,46
4,6,9
11,12,26,31,36,47,48
23,24,40,41,43
17,33,35
0,28,38
3,4,17,28,41
0,3,5,25,37,41,42,44
21,31,33,41
46
16,36,45
1
3,4,9,34,35
16,32,45
12,14,44
27,28
16,17,47
7,37,40
15,19,26,42,45
4,9
23,24,40,41,43
3,18,35
22
0,2,46
5,22,23,29
4,9,15,28,47,49
1,19
23,24,40,41,43
16,32
9,33,42
3,16,20,33,37
3,18,35
0,28,38
3,18,35
16,38
23,24,40,41,43
1,19
10,17,31,49
3,18,35
22,30
8,13
14,44
13,31,38
1,33,42
15,22,30
4,18,21,38
3,18,35
33,42
0
5,22,27,28,35,42
15,20,22,49
1,7,24,40,49
0,4,8
7,11,13,26,37,44,45
14,25,37
14,20,38,44
33,42
3,20,46,47
28,29,36
7,15,25,44,48
28,32
3,25,30,32,35,39
0,2,46
16,32,45
1,19,27
7,15,49
4,9,46,48
11,45
2,14,47
1,19
5,17,37,40
4,5,22
17,29,47
17,19,39,49
1,10,16,24,31,32,41,45
5,22
0,11,46
5,11,26
0,2,12,33,34
3,48
8,13,33,38
23,24,40,41,43
5,39,43
4,18,25,46
1,4,7,12,18,25,34,48
5,22
14,17,21,29
6,7,36,37,41
17,22,24,28,35,36
2,17
4,9
7,8,33,36
13,20,22,34,39,47
7,11,37,45
24,30
8,27,28,43
0,2,46
1,12,19,40
0,2,3,11,12,46
12,31,36,48
33,36
23,26,28,37
5,22,49
16,32,45
12,37,40
11,27,35,41,47
2,15,17,19,20,33,42,49
9,12
16,24,33
47,48
21,34,38
4,34
3,12
7,16,25,27,28,38,43
1,19,34,36,37
1,4,7,12,32,39,41,46
21,42,43,44
15,27,28
1,10,15
3,8,28,30,34
12,31,36,48
4,9
18,22,24,27,28,45
0,2,14,22
27,28,41
1,13,25,33,42
12,13,28
6,25,27
13,41
7,15,49
17,29,47
28,35,39
0,2,46
2,12,16,20,24,32,44,45
3,18,35
16,32,45
33,42
5,22
0,2,6,10,32,36,45,46
7,15,49
12,31,36,48
16,32,44,45
